Release Date,Number of Reviews,Plays,Playing,Rating,Wishlist
20180313,482,751,68,4.4,738
20100223,431,1400,48,3.9,628
20030321,523,3500,43,3.9,227
20160609,402,2400,96,3.7,506
20031226,249,1700,32,3.3,432
20180125,2800,20000,1200,4.2,2000
20220623,455,1500,139,3.9,811
20031014,553,4100,37,4.1,464
20120615,1900,13000,1500,4.2,2200
19910201,433,4300,11,3.5,99
20140920,1100,6000,154,4.1,2000
20071009,517,6900,43,4.1,301
20170303,4300,30000,2500,4.4,2600
20150901,276,3400,92,2.7,355
20100302,288,4200,23,3.6,119
20200127,319,772,90,4.1,402
20030923,133,797,12,3.1,212
20080306,178,408,27,4.2,209
19970131,2900,15000,1100,4.2,1500
20030523,1100,4900,156,4.2,1400
20110922,2100,14000,447,4.3,1400
20220816,260,431,57,3.7,492
20170817,262,836,97,3.9,406
20191209,445,3800,186,4.3,574
20041028,150,1900,6,3.5,91
20071004,435,6600,32,3.9,135
20190830,568,3600,210,3.6,1400
20050217,909,6100,116,4.2,648
20080710,815,5700,158,4.0,599
20130926,161,1700,21,3.2,114
20051006,96,1700,2,2.9,29
20220901,395,1400,131,4.4,1100
20200310,1200,6000,263,4.3,2200
20091030,229,496,96,4.3,592
19990223,1300,6800,272,4.1,1600
20150706,917,17000,564,3.4,113
20230126,363,1200,325,4.5,1300
20050217,909,6100,116,4.2,648
20160210,442,1800,109,3.6,634
20010502,466,632,32,4.3,1100
20201225,1600,7200,1100,4.2,3800
20141011,260,2000,66,4.2,159
20021117,1300,7900,146,4.0,799
20130827,643,5900,1100,3.7,363
20211115,972,6400,632,3.3,959
20150413,430,7100,43,3.3,138
20141118,102,1400,6,2.9,27
20230127,501,1300,248,4.3,1900
20171026,788,7200,302,3.4,681
20220722,555,1100,235,4.1,1900
20100209,687,9100,103,3.6,691
20041207,239,1400,17,3.3,140
20150519,2000,17000,1200,4.3,1600
20181026,2900,19000,1700,4.4,2900
20190322,2300,14000,919,4.4,3400
20100126,1300,9600,107,4.3,645
19960920,16,16,0,3.7,15
20160518,51,61,3,3.6,45
20190426,610,3900,212,3.2,644
20160421,227,5200,173,3.4,195
20191115,837,9700,301,2.9,500
20221006,68,370,59,4.5,147
20210726,725,2500,357,4.2,2000
19881023,1600,14000,109,4.0,362
20180523,341,2300,41,3.6,397
20210610,445,2400,297,4.2,790
20160512,1800,18000,541,4.0,1400
20201112,880,4100,403,3.9,2100
20170425,279,2700,44,2.8,253
20230227,24,104,95,3.9,61
20160628,350,2900,64,3.0,402
20180615,867,25000,470,3.0,126
20191210,2900,21000,3200,4.3,3600
20201006,165,269,79,4.1,602
20221018,241,847,248,3.7,22
20221028,690,1600,235,3.7,2200
20070313,936,9300,89,4.0,687
20040916,1200,16000,219,4.0,376
20200501,1100,6000,1200,4.6,2700
20210909,346,1100,38,3.3,353
20140925,401,1700,45,3.7,319
20190920,1100,7600,387,3.9,2000
20180504,373,2100,91,4.2,500
20091117,1100,19000,279,3.9,358
20060824,342,2600,59,3.1,290
20210924,334,1300,382,4.2,704
20031111,141,1700,4,3.1,52
20090915,151,3200,3,3.2,80
20120914,325,3800,64,3.8,202
20180323,269,1700,81,3.3,537
20140520,794,8400,149,3.6,722
20170929,1900,18000,1200,4.1,2600
20130725,430,3300,105,3.4,497
20140311,815,6700,128,3.3,834
20080215,82,1600,8,3.2,27
20221004,491,6600,1100,2.7,171
20190313,545,4600,537,4.0,1200
20141121,684,11000,17,3.5,110
20190425,26,187,16,3.9,26
20021021,100,1600,8,3.3,72
20100209,687,9100,103,3.6,691
20220624,360,1100,305,3.6,576
20120918,1100,16000,344,3.5,494
20111110,1700,22000,589,3.7,1000
20071113,801,13000,118,2.9,496
20041117,1500,9200,118,4.5,1300
20130917,2100,30000,829,3.8,664
20150709,385,1600,141,4.1,586
20131029,431,7100,72,3.5,124
20001207,219,2800,6,3.7,123
20191108,1600,9400,934,3.9,2400
20101019,2000,16000,756,4.3,1400
20220128,1600,9100,1600,3.7,2100
20100523,1800,13000,123,4.3,1300
20170815,1300,12000,399,4.0,786
20030425,609,3900,158,3.7,401
20010910,266,1900,52,3.7,266
20071101,2700,21000,468,4.3,1200
20041130,237,2800,20,3.5,220
20041224,478,12000,198,3.8,242
20010721,389,3700,24,2.8,101
20050505,141,2100,11,3.1,94
20161027,439,6500,374,4.0,319
20051115,584,5600,45,2.4,423
20180126,856,10000,474,3.8,861
20151130,269,4900,93,3.1,155
20190418,1100,9300,189,4.1,1500
20030715,839,5300,180,4.2,705
20080619,153,1800,4,3.7,81
20070329,704,4400,92,4.5,274
20191015,1100,4000,478,4.6,1900
20230119,39,210,97,4.0,85
20100126,608,3200,68,3.5,855
20111108,293,2500,34,4.6,244
19931210,1400,11000,203,4.0,514
19991118,554,1700,60,4.0,768
20170221,1100,6000,304,4.0,1500
20130115,432,6300,62,3.0,448
20020328,1300,12000,266,3.6,1000
20100528,170,987,9,3.3,182
20200220,993,5100,779,3.7,1600
20140228,148,889,56,4.4,35
20200602,291,8200,650,2.5,110
20091112,859,13000,85,3.5,241
20000427,2200,13000,347,4.4,1800
20030413,338,3400,67,3.4,183
20121227,544,1700,250,4.4,1300
20191115,548,6300,193,2.9,253
20041007,503,3700,124,3.7,395
20150915,3500,28000,679,4.2,1800
20040209,1200,7500,148,4.0,700
20140726,1100,12000,258,4.3,682
20191025,582,6600,256,3.2,1300
20111108,118,1500,31,4.5,230
20211012,284,2900,137,2.5,335
19980723,231,1500,15,3.9,88
20180907,2500,21000,577,4.1,2200
20210920,491,2000,204,3.6,1700
20191031,2700,12000,2300,4.4,3000
20120221,432,2100,65,3.7,827
20090901,63,1100,0,3.2,22
20110922,2100,14000,447,4.3,1400
20110614,358,2800,113,3.5,636
20030715,839,5300,180,4.2,705
20220928,139,218,32,3.0,527
20180323,620,6400,127,3.6,668
19991229,496,1600,61,3.8,494
20060526,414,3200,37,4.0,238
20220505,262,1000,67,2.7,446
20210519,304,1700,242,3.7,274
20171110,80,2300,37,3.9,150
20221202,172,280,145,3.9,459
20130320,377,4300,68,3.3,418
20151124,266,4400,68,4.6,616
20190308,1900,12000,524,4.3,2400
20131226,139,867,48,4.3,76
20140128,180,1300,21,3.1,139
20210728,471,1700,53,3.9,701
20160721,620,1900,131,4.2,575
20111118,2300,33000,1800,4.3,230
20200319,1600,20000,1800,3.6,1100
20071109,62,1400,1,3.1,16
20150129,1400,15000,209,3.4,817
20061017,635,6700,80,3.9,768
20220719,1500,7700,801,3.7,3400
20051017,564,3600,65,3.8,505
20221215,104,185,28,3.7,235
20181113,552,4500,282,3.9,808
20141111,384,3400,27,3.2,330
20010305,426,2700,39,3.6,503
20230317,116,48,40,4.0,329
20220728,167,454,148,3.4,602
20061111,194,1300,16,3.0,119
20011113,1800,10000,161,4.4,1400
19901008,83,2400,15,3.2,6
20041117,1500,9200,118,4.5,1300
20181017,149,1600,142,4.2,366
20120914,325,3800,64,3.8,202
20210910,650,3100,571,3.6,1900
19871217,639,5400,26,2.8,152
20001206,242,1100,42,3.4,401
20101020,605,10000,153,3.5,501
20150716,144,2000,26,3.7,106
20101111,609,5100,44,3.4,342
20201119,531,2700,308,3.5,695
20181206,90,527,49,4.0,257
20120306,777,7300,79,3.7,482
20080922,743,5800,47,4.3,427
20061107,231,2900,8,2.8,122
20150519,2000,17000,1200,4.3,1600
20200116,1600,6000,847,4.3,2800
20131219,503,1900,128,3.8,946
20220218,830,2700,561,3.8,2300
20061119,775,18000,39,3.7,93
20080429,1100,14000,258,3.8,721
20201101,203,4500,67,2.8,171
20201112,335,2800,206,4.2,472
20060901,187,5100,213,2.8,14
20111101,671,4700,66,3.9,925
20160301,95,1100,10,3.6,32
20220811,589,2800,546,3.6,2100
20071116,882,12000,98,3.1,460
20110322,180,2900,10,3.1,155
20130904,547,7500,90,3.3,401
19950324,405,2400,19,3.5,139
20160226,1700,20000,2000,4.1,1100
20190909,382,2100,70,3.4,221
20100721,965,13000,129,3.5,852
19921016,157,1400,6,2.8,45
20230224,253,258,271,4.4,895
20210430,725,2400,430,4.0,1600
20160621,940,5400,469,4.1,1500
20161118,600,7600,74,3.3,230
20190313,545,4600,537,4.0,1200
20100204,321,2600,40,3.2,334
20191015,1100,4000,478,4.6,1900
20110516,1300,18000,673,4.0,593
20210621,118,3000,125,3.2,5
20140318,650,9500,53,3.3,549
19991217,348,3900,11,3.7,132
20201209,1500,13000,1500,3.3,2900
19961025,395,2700,45,3.3,263
19900720,306,1200,19,3.5,183
20171212,207,3200,30,3.1,142
20130926,887,6700,183,4.3,910
20160915,1800,16000,630,4.1,1700
20171213,386,2000,31,3.8,382
20190523,513,1300,155,4.3,1300
20200529,1400,7400,849,4.3,1900
20031106,480,5500,37,3.6,421
20190920,1100,7600,387,3.9,2000
20021003,296,308,31,4.1,420
20161115,554,6600,125,3.3,453
20211007,298,1600,157,2.7,792
20210303,317,1400,76,3.8,445
20080904,238,6000,34,3.3,170
20100518,1500,13000,218,4.2,1600
20220909,840,3500,1000,4.1,1100
20111115,547,6200,85,3.8,417
20211216,344,1500,55,3.7,651
20040323,137,1000,7,3.4,123
20120612,295,1600,32,3.4,695
20200918,422,4700,391,3.5,319
20211019,1000,5400,557,4.1,2300
20060331,995,6600,172,4.4,623
20220909,840,3500,1000,4.1,1100
19990512,763,3700,71,4.2,202
20011129,308,1900,18,2.3,119
20211026,1100,5100,432,3.8,1300
20190829,355,2300,44,2.5,217
19911231,232,939,8,3.3,201
19961015,549,5900,50,3.6,101
20181005,772,6800,435,3.4,746
20140430,295,6900,146,2.6,36
20071101,2700,21000,468,4.3,1200
20200826,503,3200,26,3.3,692
20110914,211,1700,7,3.8,95
20170831,468,4000,66,3.3,359
20071113,224,3000,26,3.2,241
20060331,995,6600,172,4.4,623
20221118,596,2600,580,3.5,496
20080916,417,7400,50,3.2,350
20210824,1200,4300,315,4.2,2300
20170815,1300,12000,399,4.0,786
20140930,524,8400,106,3.4,478
20040129,413,5900,62,3.8,128
20150918,88,4000,31,3.1,62
20200410,2000,12000,898,4.1,2200
20200827,233,1400,124,4.0,195
20211217,836,6100,944,3.7,409
20081028,894,12000,162,3.4,589
20160823,387,3400,72,3.5,458
20050915,1300,12000,418,4.1,1000
20211207,426,2500,454,4.6,391
20080922,743,5800,47,4.3,427
20120918,1100,16000,344,3.5,494
20200410,2000,12000,898,4.1,2200
20111117,438,2400,161,3.7,682
20221204,70,365,77,3.5,2
20160325,46,2100,1,2.2,4
20181031,591,11000,107,3.9,729
20151007,363,4300,137,4.1,319
19800522,427,5200,7,3.4,31
20030506,1000,5100,114,4.2,871
20170822,758,4700,51,3.8,754
20170926,177,1100,38,3.2,177
20230125,926,3000,866,4.3,2000
19950311,1900,9100,518,4.5,2200
19910623,1100,12000,60,3.1,243
20130603,179,1600,22,2.9,239
20040318,939,4100,60,4.2,761
20200818,513,2300,352,3.9,918
20160510,1800,14000,177,4.1,1200
20230120,593,1600,874,3.9,1100
20190613,269,1800,39,3.6,587
20180907,2500,21000,577,4.1,2200
20200928,653,14000,2700,2.6,280
20200619,2500,13000,472,4.1,2500
20080410,1000,19000,88,3.9,168
20210326,789,5700,1100,4.0,1300
20121108,813,9900,156,4.0,383
20051222,641,3700,50,4.6,639
20180430,293,4500,143,3.2,291
20020328,1300,12000,266,3.6,1000
20200410,2000,12000,898,4.1,2200
20150816,123,625,34,4.3,180
20181213,890,3100,358,4.1,1600
20040916,1200,16000,219,4.0,376
20220622,121,558,49,3.4,306
20200501,1100,6000,1200,4.6,2700
19901121,2100,18000,218,4.2,460
19930323,718,6000,61,3.6,217
20230210,474,1400,766,3.5,1600
20061119,642,6000,82,4.1,466
20170118,516,2100,122,3.9,1000
20120424,1200,12000,111,4.0,467
20010701,243,1900,9,3.4,109
20071004,200,3800,18,3.0,122
20190528,1800,7700,661,4.6,3100
20210422,1500,6700,880,4.2,3700
19960514,468,1300,81,4.0,385
20221118,596,2600,580,3.5,496
20110222,159,2300,6,3.2,125
20180830,613,3700,157,3.8,702
20000626,899,3800,189,4.4,958
20200619,2500,13000,472,4.1,2500
20120216,234,1100,9,3.5,192
20160510,1800,14000,177,4.1,1200
20120313,1500,12000,94,3.9,1700
20130115,432,6300,62,3.0,448
20041104,1100,8700,280,3.9,911
20160914,509,4800,252,4.0,341
20111108,587,10000,27,3.2,195
20210212,497,2100,35,3.9,314
20190521,264,1500,49,2.9,107
20140529,643,9300,40,3.9,121
20210610,521,984,126,4.1,983
20101125,1000,12000,311,3.5,716
20030220,1100,4100,358,4.2,1300
20170915,674,3900,149,3.6,686
20020222,448,1400,47,4.3,645
20021121,494,7000,33,3.7,127
20191015,1100,4000,478,4.6,1900
20100604,124,5100,3,2.8,21
20190322,2300,14000,919,4.4,3400
20111115,482,9400,74,3.4,210
20160428,669,3600,82,4.2,644
20111101,941,11000,60,3.6,477
20060420,1600,5700,287,4.5,1900
20080717,371,1400,85,4.2,478
20210611,906,3700,218,4.0,1700
19931217,1200,6900,76,4.1,385
20090825,1400,17000,232,3.9,672
20191128,1200,3700,466,4.4,2500
20090205,1200,5500,155,4.1,1200
20180227,535,3400,132,3.9,567
20080131,511,6500,84,3.6,681
20051017,182,927,10,3.9,191
20070726,1000,5200,256,4.2,1500
20071028,489,6900,21,3.9,78
20100308,295,1400,38,3.8,255
20211112,1100,4100,1000,3.8,2600
20190125,2500,15000,585,4.3,1900
19940902,307,555,36,4.2,491
20201112,880,4100,403,3.9,2100
20210827,604,1600,109,3.9,1400
20101026,242,4100,18,2.8,268
20170224,3000,21000,2400,4.4,2300
19991212,417,1100,74,4.3,518
20050111,2300,14000,360,4.3,1200
20140902,458,8300,434,3.0,110
20131105,411,6500,9,2.4,150
20200403,1300,8400,157,3.2,1600
19990121,688,9800,20,3.4,207
20180928,317,561,30,4.3,356
20031107,808,8400,31,3.9,265
20151217,106,1700,36,2.8,196
20220825,161,368,25,3.5,294
20140913,545,10000,23,3.3,96
20050623,386,1000,33,4.1,477
20111110,1700,22000,589,3.7,1000
20040524,171,1500,16,3.3,92
20100514,702,6200,96,3.6,741
20180306,225,1700,92,3.7,160
19970620,506,2100,73,4.2,681
20170224,3000,21000,2400,4.4,2300
20081021,310,3200,22,3.6,271
19860221,1200,9300,132,3.2,463
20190910,647,4200,399,3.7,1000
20190926,325,3300,230,3.0,625
20141014,375,5300,100,2.9,238
19970131,2900,15000,1100,4.2,1500
20161220,345,2900,19,2.8,181
19921030,433,1300,146,3.3,455
20210720,285,4500,263,2.7,65
20180105,137,424,15,4.3,167
20110418,2900,29000,471,4.4,1200
20180525,1000,11000,216,3.5,1300
19981126,173,397,29,4.0,727
20020810,311,1100,97,4.2,435
20130304,896,15000,175,3.5,508
20140808,460,8400,46,2.9,166
20070215,439,4200,128,3.7,407
20190125,2500,15000,585,4.3,1900
20180125,2800,20000,1200,4.2,2000
20170725,827,17000,926,2.8,47
20190702,401,3000,192,4.6,267
20141111,373,2900,37,3.1,113
20101019,2000,16000,756,4.3,1400
20130409,191,1800,8,3.5,133
19990901,329,820,65,4.1,329
20040722,1300,6700,187,4.4,1500
20230224,230,408,159,4.2,513
20121009,1100,14000,268,3.9,866
20140726,1100,12000,258,4.3,682
19940319,2200,11000,309,4.3,907
20210914,897,4200,389,3.5,1900
19911121,1700,13000,360,4.1,911
20091210,949,6100,162,4.2,991
20171005,201,1100,48,3.9,201
20191121,357,1000,146,4.1,535
20210326,789,5700,1100,4.0,1300
20220318,607,1600,180,3.6,1400
20180523,1400,11000,786,4.3,1600
20160614,451,7100,520,3.0,196
20051117,273,3800,28,3.7,154
20221118,123,332,20,2.9,276
20230125,926,3000,866,4.3,2000
20180125,2800,20000,1200,4.2,2000
20210506,1800,9900,333,3.9,2800
20221028,690,1600,235,3.7,2200
20041121,614,9100,65,3.6,176
20210810,151,454,120,4.4,362
20210422,1500,6700,880,4.2,3700
20010723,786,6300,102,3.9,742
20220411,114,787,13,4.0,453
20151027,500,3500,31,2.5,257
20170922,783,14000,131,3.3,460
20141215,761,2900,143,4.3,1300
20221206,48,225,80,4.6,195
20221108,974,2900,491,3.6,1800
20210929,194,1800,159,3.6,473
19941018,839,6000,40,4.2,269
19950321,414,2300,41,3.2,146
20130924,92,2200,8,3.2,13
20161007,641,1400,162,4.2,714
20081021,483,2000,75,4.0,540
19950311,1900,9100,518,4.5,2200
20080410,1000,19000,88,3.9,168
20200319,1900,12000,738,4.2,2400
20160915,1800,16000,630,4.1,1700
19931210,1400,11000,203,4.0,514
20160129,21,14,22,4.6,69
19990430,340,5400,16,3.3,157
20140401,337,8400,22,2.4,125
20220830,416,753,39,4.0,376
20210819,526,4000,63,2.4,801
20070419,1400,8400,584,4.1,1500
20220616,868,2900,519,4.1,2300
20150614,172,5300,44,2.4,38
20160209,926,7800,99,3.7,1200
20011220,742,6800,78,3.7,248
20021226,428,3700,104,3.8,162
20070914,278,1900,22,3.5,208
20040920,255,4100,9,3.5,109
20130304,896,15000,175,3.5,508
19910623,1100,12000,60,3.1,243
19911121,1700,13000,360,4.1,911
20221129,84,294,74,3.5,209
20040309,267,1900,31,3.6,364
20171027,2900,25000,710,4.2,2000
20200924,420,2700,101,3.7,540
20220225,3900,17000,3800,4.5,4800
20161129,1100,11000,374,3.3,1100
20131108,133,1700,205,3.6,212
20071009,955,16000,505,3.9,158
20080418,643,8800,82,3.6,152
20170228,1200,13000,689,3.6,1400
20191210,2900,21000,3200,4.3,3600
20051115,584,5600,45,2.4,423
20121002,888,7800,189,2.5,552
20140318,650,9500,53,3.3,549
20160114,228,895,71,4.1,349
20220610,248,932,35,2.7,397
20010502,466,632,32,4.3,1100
19980121,1100,5500,54,4.2,597
20050111,2300,14000,360,4.3,1200
20131017,767,10000,46,3.8,833
20020322,1000,4000,93,4.3,470
20040318,939,4100,60,4.2,761
19981029,532,2400,72,4.1,493
20190920,1100,7600,387,3.9,2000
20150402,988,11000,443,3.5,994
20201209,1500,13000,1500,3.3,2900
20221207,98,244,104,4.5,279
20030502,317,1900,21,3.7,180
20160204,264,4800,45,3.5,134
20120623,776,7600,130,4.2,449
20211102,751,4900,216,3.6,1300
20210910,566,2300,126,3.6,1100
20070329,704,4400,92,4.5,274
19981119,1300,13000,322,4.0,892
20220505,492,1200,131,4.1,804
20060928,581,9300,52,3.6,170
20070306,69,939,18,3.7,13
20190904,279,1900,96,3.6,729
20210514,581,2800,596,4.5,930
20051026,52,785,2,2.5,28
20081116,232,3100,17,3.4,129
20140901,124,14000,122,3.5,35
20091103,712,6100,148,4.0,534
20190927,880,4700,748,4.2,1200
20100914,1200,11000,98,4.0,370
20220225,3900,17000,3800,4.5,4800
20211029,96,2300,14,2.5,22
20220121,216,1200,105,3.5,567
20030801,135,1600,23,3.5,69
20020606,399,2000,51,3.2,288
20170223,2900,18000,1100,4.3,3600
19911031,627,3700,45,3.7,271
20060320,725,8100,183,3.7,563
19971021,181,1600,4,2.5,109
20150312,2700,15000,1800,4.4,2000
20151201,424,7900,302,3.2,139
20100316,328,3700,49,3.5,224
20121030,527,3300,321,4.2,1200
19960623,2600,21000,463,4.1,775
20121030,707,12000,72,3.0,390
20150312,2700,15000,1800,4.4,2000
20121016,73,1600,2,2.9,23
20081127,378,2400,33,4.3,388
20170828,221,1300,241,4.1,548
20230216,103,73,45,3.2,246
20160803,376,4600,76,3.5,115
20220325,1600,5900,955,4.2,3100
20111101,1100,9900,133,3.8,480
20090310,283,1100,19,3.5,441
20150824,126,1000,7,3.7,233
20151012,159,3100,39,4.4,106
20071113,801,13000,118,2.9,496
20210611,906,3700,218,4.0,1700
20191210,2900,21000,3200,4.3,3600
20101019,2000,16000,756,4.3,1400
20220324,386,809,88,3.9,561
19991216,229,763,16,3.4,344
20190514,852,5400,202,3.7,1000
20160921,182,442,21,4.4,266
20051114,857,15000,36,3.8,159
20081120,295,2400,135,4.4,499
20110125,775,6000,97,4.0,716
20131008,433,5400,52,2.7,524
19870713,344,1900,29,2.9,213
20121120,208,2600,3,2.4,78
20010227,512,2800,60,3.7,492
20010924,2200,8600,282,4.5,2100
20130827,643,5900,1100,3.7,363
20111018,1600,16000,192,4.1,651
20060515,991,16000,108,3.5,287
19951121,1200,6600,115,4.2,455
20071206,1200,5600,280,4.0,1800
20020328,1300,12000,266,3.6,1000
20200220,257,871,59,3.7,949
20190730,1100,5400,91,4.1,1000
20020811,217,1900,65,3.8,178
20120126,469,2900,55,3.2,297
20100908,525,4700,86,3.5,407
20131226,368,3200,281,4.1,677
19951215,270,933,32,3.6,360
20210202,210,2500,261,3.6,276
20051018,1500,10000,134,4.4,1700
20100518,1500,13000,218,4.2,1600
20121129,275,1800,68,3.6,484
20101116,148,2000,23,3.3,54
20081117,488,8600,35,3.6,213
20140913,545,10000,23,3.3,96
20200313,365,1400,150,4.0,580
20040130,258,1900,135,4.0,471
20221004,491,6600,1100,2.7,171
20111114,628,8700,64,3.3,343
20220331,156,405,46,3.0,337
20051222,1200,9600,137,4.3,652
19820203,198,1600,1,3.6,38
20171201,1400,7400,453,3.9,1500
19961114,315,2300,12,2.3,73
20141118,558,8500,90,3.2,442
19981121,2200,17000,433,4.3,1400
20201112,880,4100,403,3.9,2100
20091117,1100,19000,279,3.9,358
20201028,173,1400,153,4.6,373
20200904,498,2800,176,4.1,607
20031111,436,2300,35,3.9,629
20111018,1600,16000,192,4.1,651
20191031,800,5600,313,3.8,1300
20040916,1200,16000,219,4.0,376
20150706,917,17000,564,3.4,113
20211019,1000,5400,557,4.1,2300
20030701,159,2600,14,4.3,73
20210114,229,1200,102,3.6,363
20131122,1300,10000,168,4.1,1100
19971016,572,663,100,4.4,1000
20170502,167,5200,110,2.6,16
20091020,484,9100,98,3.1,450
20220729,1400,3900,795,4.4,2200
20220729,1400,3900,795,4.4,2200
20190909,58,648,32,4.5,139
20220919,237,538,71,4.0,409
20100518,1500,13000,218,4.2,1600
20120615,1900,13000,1500,4.2,2200
20100331,168,2400,39,3.9,110
20111103,1000,12000,146,3.5,461
20221104,103,160,86,3.4,469
20061107,522,5300,37,3.5,307
20030425,609,3900,158,3.7,401
19960909,660,8700,58,3.5,288
20211102,751,4900,216,3.6,1300
20171201,1400,7400,453,3.9,1500
20221118,753,3400,868,3.5,750
19891101,688,9600,54,4.1,66
19960623,2600,21000,463,4.1,775
20151023,562,5600,97,3.0,417
20051116,248,1300,32,3.5,270
20180529,280,2200,134,3.2,309
20180123,712,7200,335,3.8,944
20211028,517,3800,128,3.7,453
20111024,509,4100,58,4.0,409
20151106,550,8200,78,3.1,185
20170630,654,7700,364,3.8,986
20070916,187,7300,426,3.1,90
20011220,446,4000,26,3.2,212
20201112,625,2700,141,3.6,671
20120419,1200,9500,287,3.8,814
20181012,248,3500,15,2.3,100
20061221,92,252,15,3.7,162
19981121,2200,17000,433,4.3,1400
20181207,2500,25000,1200,4.1,801
20141022,392,2200,72,3.8,449
20220825,337,750,228,3.1,1100
19881023,1600,14000,109,4.0,362
20101111,609,5100,44,3.4,342
20171026,540,4700,86,3.5,675
20060727,132,1800,2,3.5,69
20161028,1300,12000,163,4.1,656
20160915,1800,16000,630,4.1,1700
20050322,981,11000,158,3.6,896
19970131,2900,15000,1100,4.2,1500
20010924,2200,8600,282,4.5,2100
20130418,281,3400,59,3.7,133
20160126,651,5300,186,3.6,643
20110811,96,1200,8,2.9,39
20220927,97,248,24,2.9,212
20120626,123,2700,3,2.0,50
20210820,345,1800,257,4.2,621
20060119,394,727,33,3.8,770
19891101,688,9600,54,4.1,66
20090305,1000,10000,176,3.1,561
19990211,982,5100,182,3.6,715
20111101,941,11000,60,3.6,477
20221027,820,2200,419,4.2,2200
20150709,296,2500,52,2.3,244
20050420,703,2900,155,4.2,716
20021117,1400,6800,221,4.3,1200
20160209,926,7800,99,3.7,1200
20210827,604,1600,109,3.9,1400
20220630,398,2200,154,4.3,951
20230210,474,1400,766,3.5,1600
20220905,141,265,36,4.0,459
20140626,761,8500,135,4.0,1200
19921206,532,2300,78,3.8,460
20051105,131,1400,5,3.3,152
19960322,688,3400,41,3.7,323
20100619,830,3600,149,4.4,1200
20100918,814,9000,115,4.1,270
20120907,193,1900,14,3.8,191
20081204,249,676,87,4.2,588
20160114,592,3900,70,3.6,449
20221214,137,247,22,4.1,314
20221021,85,253,37,4.0,283
20201002,699,3200,293,3.8,1300
20150324,3400,17000,1100,4.5,3300
19990212,425,4800,19,3.6,227
20040729,93,1100,26,3.4,63
19850913,1500,18000,59,3.5,237
20210811,116,312,20,3.4,313
20200511,419,7500,59,3.3,445
20080204,330,3900,92,4.0,457
20220719,480,5600,341,2.8,216
20150614,172,5300,44,2.4,38
20190628,689,6600,114,3.7,459
20220616,868,2900,519,4.1,2300
20081107,504,4600,31,3.7,225
20221028,690,1600,235,3.7,2200
20070222,459,1800,69,4.0,497
20011219,90,514,14,4.5,81
20151109,1000,16000,407,3.1,752
20181206,576,4300,199,4.1,513
20010823,1200,10000,286,3.5,1100
20050714,247,874,24,4.3,231
20220316,891,3400,489,3.9,2600
20230127,501,1300,248,4.3,1900
19981217,433,1100,42,4.4,653
20121009,1100,14000,268,3.9,866
20180126,603,7800,258,3.7,325
20211005,251,1900,51,2.5,172
20081027,405,6000,21,3.6,219
20210726,725,2500,357,4.2,2000
20190125,2500,15000,585,4.3,1900
20170224,3000,21000,2400,4.4,2300
20190927,880,4700,748,4.2,1200
20050419,1200,7100,388,4.0,1200
20220128,1600,9100,1600,3.7,2100
20180615,867,25000,470,3.0,126
20221028,107,477,11,3.3,115
20121009,1100,14000,268,3.9,866
20150129,1400,15000,209,3.4,817
20181211,48,110,39,3.8,185
20111214,62,1600,15,3.6,13
20121112,903,13000,57,3.8,286
20000629,594,1600,107,4.1,993
20100921,320,5400,56,3.9,140
20200511,419,7500,59,3.3,445
20220203,290,1400,176,3.1,876
20150605,147,3200,89,3.7,87
19991122,245,2300,26,3.4,117
20071101,2700,21000,468,4.3,1200
20221109,1700,5300,801,4.4,3300
20221028,347,1600,268,3.3,381
20070122,439,1600,87,4.0,838
20140204,184,1700,11,2.8,73
20210611,810,5500,713,3.9,1200
20070313,936,9300,89,4.0,687
20090815,112,1800,51,3.4,89
20180809,755,4300,235,3.3,904
20210924,334,1300,382,4.2,704
19960124,353,3800,11,3.6,181
20230210,474,1400,766,3.5,1600
20090505,719,14000,117,3.7,82
20111202,593,10000,59,3.5,141
20180420,2900,21000,1100,4.2,2600
20110823,559,5800,65,3.8,488
20111110,1700,22000,589,3.7,1000
20160226,1700,20000,2000,4.1,1100
20070409,688,6200,76,3.8,572
20071009,955,16000,505,3.9,158
20120619,446,4600,41,3.5,132
20160405,632,8900,403,3.6,441
20200403,1300,8400,157,3.2,1600
20091103,712,6100,148,4.0,534
20180326,558,6600,169,3.0,470
20150324,3400,17000,1100,4.5,3300
20201110,265,1000,70,4.5,286
20230125,926,3000,866,4.3,2000
20230124,211,252,32,2.3,847
20070712,173,976,19,3.6,110
20130926,499,2100,129,3.7,461
20210506,1800,9900,333,3.9,2800
20200613,53,350,90,4.4,54
20041116,1700,15000,257,4.2,1000
20091016,222,1600,18,3.7,242
20150120,159,2000,13,2.4,75
20041224,478,12000,198,3.8,242
20150311,780,7900,260,3.9,1400
20160524,957,19000,436,3.2,214
20181213,911,6600,227,3.6,1500
20141111,356,5100,362,4.2,463
20091030,229,496,96,4.3,592
20040429,530,2700,53,4.1,500
20210917,737,7500,222,4.3,753
20061202,319,3100,7,3.9,189
20200602,291,8200,650,2.5,110
20220505,492,1200,131,4.1,804
20130304,896,15000,175,3.5,508
20221108,974,2900,491,3.6,1800
20100619,830,3600,149,4.4,1200
19860926,845,5700,58,3.4,365
20171017,369,3500,79,3.7,512
20100729,242,1900,81,4.1,184
20211005,209,690,62,3.7,402
19900928,599,3800,25,3.4,140
19860221,1200,9300,132,3.2,463
20171206,327,2900,212,3.8,333
20130815,80,2400,29,2.7,22
19941118,1300,11000,186,3.9,514
20100625,349,4100,53,3.2,113
20170525,170,2200,12,2.6,67
20200818,192,847,30,2.7,194
20210726,725,2500,357,4.2,2000
20081014,1200,9600,302,4.0,1100
20120726,972,9900,288,3.9,605
19890602,857,6100,34,3.6,163
20190827,1300,9600,591,3.6,1300
20210923,433,1300,165,3.5,1100
20081014,1200,9600,302,4.0,1100
20201209,1500,13000,1500,3.3,2900
20180914,522,4800,161,3.3,701
20190827,1300,9600,591,3.6,1300
20071026,220,1600,57,3.0,168
20071126,235,2300,15,3.4,96
19980629,1200,7400,205,4.0,765
20141014,629,4800,140,3.4,822
20220225,3900,17000,3800,4.5,4800
20211109,589,4600,589,3.8,594
20060321,121,1100,2,3.6,136
20120920,423,2500,142,4.1,142
20010322,379,1100,31,4.2,399
20210506,1800,9900,333,3.9,2800
20120925,62,1600,2,3.2,12
20160829,475,6000,410,4.5,467
20180206,1100,7800,242,4.1,1600
20220407,130,358,65,3.6,763
20110929,519,1400,72,4.5,701
20160706,400,14000,575,2.7,22
19980121,1100,5500,54,4.2,597
20160324,2400,19000,851,4.2,2200
20060224,233,2100,19,3.4,196
20131121,362,1500,44,3.1,426
20020228,412,1200,103,3.7,575
20050920,294,992,41,4.3,343
20101121,521,5300,67,3.9,443
20211217,836,6100,944,3.7,409
20160215,377,5000,109,3.0,166
20171012,541,2700,76,3.7,634
20110922,2100,14000,447,4.3,1400
20051222,120,1900,2,3.5,32
20200306,459,3700,200,4.1,600
20091022,416,2500,161,2.9,797
19971127,469,2600,49,3.4,179
20210928,238,1600,121,4.5,559
20010321,138,439,33,3.4,76
20161020,343,4600,211,3.7,188
20081014,412,3600,56,3.7,191
20041117,1500,9200,118,4.5,1300
20170630,654,7700,364,3.8,986
20120802,73,2600,57,2.5,8
20110616,1000,11000,314,4.2,572
20200717,525,2400,188,3.5,714
19940922,276,544,29,3.9,294
20120313,1500,12000,94,3.9,1700
20071120,1000,10000,172,3.8,774
20160108,32,164,20,3.9,101
20080913,1400,14000,254,4.1,461
20211007,2100,9200,759,4.3,3300
20150706,917,17000,564,3.4,113
20130423,458,3300,215,3.8,469
20191108,180,1600,100,3.1,94
20230214,81,100,15,2.6,212
20070213,172,1500,10,2.8,115
20191025,525,5100,84,3.4,339
19971113,470,1200,153,3.8,651
20200619,2500,13000,472,4.1,2500
20170721,736,8900,215,3.8,419
20120322,860,5400,140,4.1,924
19951105,117,986,1,3.1,81
20010924,2200,8600,282,4.5,2100
20130807,511,4000,28,3.5,334
20101222,94,763,5,3.2,67
20151205,262,2200,65,3.7,146
19860616,187,1400,3,3.3,57
20190204,624,12000,669,3.1,82
20220623,455,1500,139,3.9,811
20090915,324,1700,108,4.6,493
20150714,323,2700,40,4.0,241
20220118,256,949,99,3.5,385
20180409,134,621,132,4.1,327
20010227,544,3100,65,3.7,489
20180420,2900,21000,1100,4.2,2600
20040722,1300,6700,187,4.4,1500
20091029,1700,13000,614,3.9,2300
20160226,1700,20000,2000,4.1,1100
20201101,203,4500,67,2.8,171
19971218,361,1400,51,3.7,364
20020923,525,3700,44,3.7,391
20001130,334,2200,11,3.2,126
20150921,764,3900,122,4.0,837
20150324,3400,17000,1100,4.5,3300
20191115,1400,13000,740,3.7,1300
20221108,974,2900,491,3.6,1800
20120413,493,4400,90,3.6,561
20190725,1700,12000,1100,4.0,1500
20221115,169,442,20,2.8,377
20151109,1000,16000,407,3.1,752
20150428,81,4400,8,2.2,12
20220719,1500,7700,801,3.7,3400
19981121,2200,17000,433,4.3,1400
20131011,837,8100,81,3.9,678
20131018,395,2500,34,2.5,214
20160119,476,5200,328,3.6,504
20160324,2400,19000,851,4.2,2200
20180925,462,3900,295,4.5,363
20131016,642,7800,125,3.4,632
19991121,495,5500,29,3.8,133
19950430,148,1200,36,4.1,71
19910623,1100,12000,60,3.1,243
20140520,794,8400,149,3.6,722
20220325,1600,5900,955,4.2,3100
20121106,674,7600,57,3.0,277
20150901,1500,14000,503,3.8,1200
20181206,576,4300,199,4.1,513
20070925,1600,12000,101,4.2,528
19910304,139,1500,5,3.3,76
20031031,326,3400,22,3.8,216
20010924,671,3500,83,4.0,1200
19950415,162,1700,4,3.1,41
20190214,451,2600,152,3.8,1200
20211116,68,413,63,3.6,246
20190308,1900,12000,524,4.3,2400
19931121,203,2200,9,3.4,85
20190514,852,5400,202,3.7,1000
20180615,185,2700,247,3.5,193
19881009,864,8400,40,3.1,189
20021229,118,1200,49,3.7,92
20180213,238,1800,110,3.6,335
20020501,549,3700,150,4.0,487
20030829,512,2800,132,3.9,572
20140311,212,5500,105,2.9,24
20220719,1500,7700,801,3.7,3400
20131217,559,6700,35,3.5,262
20080807,196,1100,57,3.9,199
20150623,1200,13000,279,3.7,757
20101020,605,10000,153,3.5,501
19990922,849,4300,56,3.8,496
20150205,198,3700,23,2.9,71
20190125,1100,8100,206,3.5,1100
20170929,1900,18000,1200,4.1,2600
20080612,1200,7700,94,3.9,1300
20080806,380,3500,26,3.4,385
20210210,569,2500,78,4.0,1500
20131128,382,2900,135,3.7,604
19990901,329,820,65,4.1,329
20220929,47,523,112,2.6,36
20150709,296,2500,52,2.3,244
20221208,191,445,228,4.2,598
20081120,728,6500,118,3.3,476
20001026,92,278,18,3.6,119
20140626,761,8500,135,4.0,1200
20221027,820,2200,419,4.2,2200
20110517,181,1600,21,3.6,169
19980629,1200,7400,205,4.0,765
20161206,658,3200,83,3.7,1300
20120918,504,3500,112,3.7,671
20161028,1300,12000,163,4.1,656
20000626,899,3800,189,4.4,958
20180614,241,4100,331,3.8,73
19990121,688,9800,20,3.4,207
20161018,152,2700,17,3.8,35
20070913,186,2300,13,4.0,136
20170920,571,11000,509,4.2,85
20230223,39,69,8,3.4,150
20061207,331,1000,28,4.0,255
20120515,593,5600,43,3.7,518
20111215,482,2300,58,3.3,449
20121128,983,14000,188,3.7,660
20130226,1500,18000,197,3.5,949
20191220,138,484,22,3.2,114
19980714,354,1700,15,3.9,172
20220728,40,8,1,4.2,156
20100918,814,9000,115,4.1,270
19971211,648,2200,63,4.1,590
20170922,124,183,20,2.8,35
20140930,524,8400,106,3.4,478
19991110,298,3000,38,3.7,95
20160609,402,2400,96,3.7,506
20140826,363,3900,108,3.6,260
20190117,655,3500,137,3.7,815
20120313,1500,12000,94,3.9,1700
20150921,764,3900,122,4.0,837
20230221,363,983,241,3.0,1100
20190628,689,6600,114,3.7,459
20180806,802,9200,737,3.8,1400
20210923,433,1300,165,3.5,1100
20220722,555,1100,235,4.1,1900
20190920,642,6500,137,3.6,1200
20191031,2700,12000,2300,4.4,3000
20220909,840,3500,1000,4.1,1100
20101109,920,14000,44,3.7,318
20201112,914,5700,82,4.0,249
20041123,369,4500,115,3.5,74
20141121,684,11000,17,3.5,110
20080930,206,1300,18,2.1,227
20210611,810,5500,713,3.9,1200
20210120,702,3300,242,4.1,1200
20071206,1200,5600,280,4.0,1800
20071010,2000,28000,244,4.1,1100
20230228,16,16,10,2.8,51
20131008,229,1600,55,4.1,140
19970710,197,522,38,3.4,216
20090912,892,9500,128,4.2,331
20170223,2900,18000,1100,4.3,3600
20180920,351,1500,213,4.0,741
20170303,4300,30000,2500,4.4,2600
20210720,738,3300,292,3.8,1400
20120728,581,6100,47,2.9,234
20150625,405,4300,107,2.7,260
20130530,130,1100,10,3.4,93
20110226,192,1300,42,3.7,253
19970823,610,4500,60,3.6,334
19940317,447,1800,25,3.7,230
20210716,639,3700,444,3.8,1300
20130219,2100,14000,492,4.1,2000
20180925,462,3900,295,4.5,363
20100918,1000,12000,186,4.0,461
20190418,1100,9300,189,4.1,1500
20111215,482,2300,58,3.3,449
20041115,606,3000,75,4.0,588
20130930,522,6000,65,3.6,126
20090226,84,199,73,4.0,174
20140726,1100,12000,258,4.3,682
20211109,589,4600,589,3.8,594
19991031,65,634,10,3.7,82
20000210,503,1000,59,4.0,889
19940827,1900,9000,600,4.2,1800
20051115,536,4600,61,3.6,292
20051018,1500,10000,134,4.4,1700
20210716,639,3700,444,3.8,1300
19961214,725,9700,21,3.5,194
20150311,780,7900,260,3.9,1400
20121002,888,7800,189,2.5,552
20220325,224,738,140,3.4,537
20190620,665,2900,223,4.1,852
20220906,130,329,169,3.5,136
20070320,426,2500,119,3.9,583
20180927,253,1500,115,4.0,481
20080710,815,5700,158,4.0,599
19910826,445,2100,39,3.1,193
20211112,1100,4100,1000,3.8,2600
20071030,200,3800,20,3.0,156
20091101,825,5500,492,4.0,995
20150218,663,6600,247,3.8,354
20220316,891,3400,489,3.9,2600
20220624,360,1100,305,3.6,576
19930711,174,1600,5,3.7,50
20091117,1300,16000,140,3.8,521
20000210,503,1000,59,4.0,889
20080410,1000,19000,88,3.9,168
20170303,4300,30000,2500,4.4,2600
20210910,650,3100,571,3.6,1900
20170922,783,14000,131,3.3,460
20050704,311,1000,32,4.0,210
20090915,324,1700,108,4.6,493
20220208,633,2700,283,3.8,2300
20051231,215,891,40,3.0,167
20161021,513,7200,108,3.4,150
20130713,388,2700,39,4.0,385
20101109,920,14000,44,3.7,318
20130819,386,7200,64,3.1,176
19880801,211,1500,2,2.5,55
20181005,336,5300,34,2.8,185
19971218,67,2400,6,3.1,9
20151014,363,3700,60,3.5,219
19890514,197,2500,18,4.0,21
20170424,1400,8600,61,4.0,1300
19920427,691,5300,22,3.2,178
20120925,62,1600,2,3.2,12
20001120,443,3000,29,3.8,485
20100511,318,4100,44,4.0,188
20041026,1500,19000,270,4.1,742
19930602,106,847,0,3.6,23
20160121,1200,9700,439,3.7,1000
20200814,189,1600,114,4.2,354
20160225,835,12000,95,3.7,842
20071113,224,3000,26,3.2,241
19990930,455,4800,18,4.0,165
19930923,629,4900,43,3.4,223
20120623,776,7600,130,4.2,449
20140901,124,14000,122,3.5,35
20011214,533,3900,51,3.9,317
20190418,1100,9300,189,4.1,1500
20221110,132,305,17,3.6,116
20130312,318,2700,27,2.9,351
20220901,395,1400,131,4.4,1100
20050921,300,3700,25,3.6,280
20141028,445,3600,92,3.5,459
20091013,188,2600,67,3.6,123
20220830,461,1200,95,3.9,564
20150129,1400,15000,209,3.4,817
20110418,2900,29000,471,4.4,1200
20221006,68,370,59,4.5,147
20170424,1400,8600,61,4.0,1300
20221111,206,279,137,4.1,620
20220316,891,3400,489,3.9,2600
20200717,1400,8500,688,4.1,3100
20061119,137,2700,9,2.7,63
20061119,775,18000,39,3.7,93
19950216,233,1200,12,3.6,175
20031029,274,2800,23,3.3,136
20190919,725,3100,37,3.9,789
20200529,232,1900,55,3.5,97
20120301,195,1900,22,3.4,171
20200327,118,512,31,3.5,331
20221004,491,6600,1100,2.7,171
20200723,432,2800,83,3.3,601
20150915,3500,28000,679,4.2,1800
20191115,837,9700,301,2.9,500
20071009,955,16000,505,3.9,158
19981203,465,1000,33,4.2,316
20171201,1400,7400,453,3.9,1500
20201225,1600,7200,1100,4.2,3800
20170428,1500,19000,705,4.0,635
20161220,196,1500,41,3.4,289
20050915,1300,12000,418,4.1,1000
20131121,1100,9600,93,3.9,432
20111101,671,4700,66,3.9,925
20011119,103,1700,6,2.9,61
20201126,49,67,26,4.3,193
20210621,118,3000,125,3.2,5
20180123,712,7200,335,3.8,944
20190528,1800,7700,661,4.6,3100
20080914,180,2000,10,4.0,29
20210914,897,4200,389,3.5,1900
20171117,534,7800,128,3.1,140
20210621,275,1200,131,3.8,1000
20230127,501,1300,248,4.3,1900
20100523,1800,13000,123,4.3,1300
20220208,633,2700,283,3.8,2300
20200717,1400,8500,688,4.1,3100
20170929,1900,18000,1200,4.1,2600
20160121,1200,9700,439,3.7,1000
20220830,461,1200,95,3.9,564
20140206,233,3100,51,3.8,198
20091112,859,13000,85,3.5,241
20141118,558,8500,90,3.2,442
20200501,1100,6000,1200,4.6,2700
20181031,591,11000,107,3.9,729
19900901,501,2400,36,3.6,217
20171027,2900,25000,710,4.2,2000
20111118,2300,33000,1800,4.3,230
20150212,797,6700,191,4.1,813
20100126,1300,9600,107,4.3,645
20100126,608,3200,68,3.5,855
20051018,1500,10000,134,4.4,1700
20100326,269,982,127,4.1,480
20100429,498,4000,68,3.5,566
20020719,1700,14000,403,3.7,1000
20221202,79,239,5,3.4,75
20161118,195,2800,33,3.1,66
20201225,1600,7200,1100,4.2,3800
20210422,1500,6700,880,4.2,3700
20180807,414,4900,227,3.6,184
20040626,770,4000,155,4.0,771
20060124,852,6500,176,4.4,481
20141104,492,8200,334,4.0,636
20061119,899,10000,228,4.0,1300
20100422,743,2900,67,4.2,854
20140130,169,2500,12,3.2,180
20200319,1900,12000,738,4.2,2400
20220722,555,1100,235,4.1,1900
20160818,555,3300,293,3.7,657
20191112,487,3800,76,3.6,917
20221020,253,356,145,3.9,645
20070916,187,7300,426,3.1,90
20180420,2900,21000,1100,4.2,2600
20100908,525,4700,86,3.5,407
20061119,775,18000,39,3.7,93
20031127,398,1000,38,4.2,513
19951121,1200,6600,115,4.2,455
20201028,457,1800,387,4.0,1300
20121112,903,13000,57,3.8,286
20141010,250,2600,64,3.8,213
20021021,231,3000,7,3.5,113
20160317,66,321,40,3.1,133
20211007,2100,9200,759,4.3,3300
20170213,184,1500,40,3.1,108
20141110,270,5400,20,3.0,119
20160829,475,6000,410,4.5,467
20091117,1300,16000,140,3.8,521
20170228,1200,13000,689,3.6,1400
20181031,591,11000,107,3.9,729
20140417,516,4000,644,4.3,779
20170914,328,1800,41,3.6,352
20201027,486,3300,170,3.5,783
20111118,2300,33000,1800,4.3,230
20190308,1900,12000,524,4.3,2400
20220919,99,245,26,4.1,268
20130930,522,6000,65,3.6,126
20200918,19,340,6,3.7,14
20130830,921,9800,177,4.0,643
20171027,2900,25000,710,4.2,2000
20151124,266,4400,68,4.6,616
19931210,1400,11000,203,4.0,514
20220915,322,1200,97,3.7,424
20190514,852,5400,202,3.7,1000
20211118,281,1900,203,2.9,199
19930806,413,1900,57,3.3,511
20220616,880,3500,226,3.8,829
20050419,1200,7100,388,4.0,1200
20050621,160,2200,16,3.2,188
19971209,242,1500,18,3.4,162
20160914,295,2400,71,3.7,246
20021027,1000,12000,125,3.8,526
19881023,1600,14000,109,4.0,362
19931217,1200,6900,76,4.1,385
20041220,543,3700,87,4.2,693
19990816,260,1300,22,3.7,328
20140207,122,935,5,3.6,165
20171005,898,7200,320,4.0,1600
19990129,180,2100,15,3.8,57
20130219,2100,14000,492,4.1,2000
20181026,2900,19000,1700,4.4,2900
20130917,2100,30000,829,3.8,664
20220131,106,577,16,3.5,299
20150122,273,1700,76,2.7,264
20181207,2500,25000,1200,4.1,801
20120615,1900,13000,1500,4.2,2200
20220629,217,1100,267,4.3,242
20140808,460,8400,46,2.9,166
20221202,266,737,62,2.9,1000
20180206,1100,7800,242,4.1,1600
20200928,653,14000,2700,2.6,280
20070821,1800,17000,339,4.0,1200
20220629,217,1100,267,4.3,242
20050421,281,597,29,3.8,572
20190422,490,5000,99,3.4,308
20150312,2700,15000,1800,4.4,2000
20071113,801,13000,118,2.9,496
19980903,1900,12000,287,4.2,1600
20210914,897,4200,389,3.5,1900
20170725,484,1800,74,4.0,649
20120322,230,2200,152,3.9,371
20190830,568,3600,210,3.6,1400
20220208,633,2700,283,3.8,2300
20210325,1300,8100,999,4.2,2100
20100514,58,1200,7,3.1,57
20210921,77,471,83,3.2,187
20160324,2400,19000,851,4.2,2200
20050706,429,1400,38,4.3,410
20121023,1400,14000,217,4.0,928
20140321,668,7600,71,3.4,574
20140902,458,8300,434,3.0,110
19910719,530,2700,60,3.7,379
20080131,1300,19000,51,3.8,250
20071010,2000,28000,244,4.1,1100
19930323,718,6000,61,3.6,217
20131017,767,10000,46,3.8,833
20220825,337,750,228,3.1,1100
20130713,388,2700,39,4.0,385
20010321,362,2100,62,3.0,272
20100523,1800,13000,123,4.3,1300
20010723,786,6300,102,3.9,742
20120831,204,2300,23,3.4,54
20080304,396,4000,31,3.2,300
20130614,2000,17000,205,4.2,1400
20210910,566,2300,126,3.6,1100
20150428,81,4400,8,2.2,12
20131029,1200,13000,211,3.7,716
20010719,1500,8500,330,4.1,990
20170915,674,3900,149,3.6,686
20150723,199,3300,13,2.8,111
20000321,284,1200,67,3.8,174
20181113,605,5000,164,4.0,607
20181026,2900,19000,1700,4.4,2900
20191031,2700,12000,2300,4.4,3000
20091013,1400,12000,96,3.9,515
20210611,810,5500,714,3.9,1200
20001121,459,1100,34,4.0,550
20221213,409,1300,284,3.8,1300
20100420,54,3800,1,2.7,10
20130219,2100,14000,492,4.1,2000
20150402,988,11000,443,3.5,994
20210326,789,5700,1100,4.0,1300
20180529,280,2200,134,3.2,309
20181018,1000,4700,195,4.3,2400
20190621,408,2500,50,3.9,294
20180907,2500,21000,577,4.1,2200
20221109,1700,5300,801,4.4,3300
20170213,236,4100,56,2.8,91
20040626,770,4000,155,4.0,771
20100323,302,5100,36,3.2,142
20150915,3500,28000,679,4.2,1800
20170318,179,1500,132,4.2,174
20180926,421,2600,107,3.3,643
20190221,315,2800,230,4.4,532
20091020,484,9100,98,3.1,450
20170328,411,1100,170,4.1,987
20211007,2100,9200,759,4.3,3300
20151001,443,2700,7,4.0,484
19990223,1300,6800,272,4.1,1600
19941018,839,6000,40,4.2,269
20221014,348,1400,100,3.0,934
20110419,468,6600,19,3.6,120
20180809,755,4300,235,3.3,904
20150723,199,3300,13,2.8,111
20160512,1800,18000,541,4.0,1400
20180828,695,5600,35,3.4,496
20080807,361,1900,78,3.2,235
20170803,386,1100,75,4.6,468
20220216,226,718,81,4.0,271
20181210,487,2500,154,4.0,625
19960227,734,8800,57,3.4,154
20220616,880,3500,226,3.8,829
20060515,991,16000,108,3.5,287
20220128,1600,9100,1600,3.7,2100
20160121,1200,9700,439,3.7,1000
20191008,211,969,56,3.1,349
20221109,1700,5300,801,4.4,3300
20041121,614,9100,65,3.6,176
20130717,178,393,22,3.7,298
20130501,329,4400,15,3.4,275
20170223,2900,18000,1100,4.3,3600
20220616,880,3500,226,3.8,829
19991217,348,3900,11,3.7,132
20191031,800,5600,313,3.8,1300
20060706,399,762,23,4.3,448
20031127,398,1000,38,4.2,513
20210909,399,2200,59,3.5,636
20111018,1600,16000,192,4.1,651
20181011,241,779,30,3.8,366
20141103,415,5200,13,2.5,151
20130904,547,7500,90,3.3,401
19960623,2600,21000,463,4.1,775
20221122,148,335,38,3.3,510
20150218,663,6600,247,3.8,354
20150402,988,11000,443,3.5,994
20060601,469,7000,39,3.7,262
20180727,264,1700,35,3.9,235
20161028,1300,12000,163,4.1,656
20091029,1700,13000,614,3.9,2300
20100918,1000,12000,186,4.0,461
20100610,828,3900,142,4.2,732
20190228,329,1800,46,3.5,324
20011214,533,3900,51,3.9,317
20081202,201,2500,23,3.0,206
20210924,790,1700,192,4.3,1600
19921121,1200,10000,56,3.7,228
19870114,756,4500,55,2.6,290
20061119,642,6000,82,4.1,466
20221027,820,2200,419,4.2,2200
19960309,832,4400,133,4.0,858
19941118,1300,11000,186,3.9,514
19971211,648,2200,63,4.1,590
20210430,725,2400,430,4.0,1600
20051031,650,7700,35,4.0,189
20140321,668,7600,71,3.4,574
20150623,1200,13000,279,3.7,757
20161013,222,713,20,4.0,154
20071010,2000,28000,244,4.1,1100
20020401,115,297,19,3.7,142
20211019,1000,5400,557,4.1,2300
20091110,1000,14000,34,3.8,276
20091029,1700,13000,614,3.9,2300
20060706,239,1300,29,3.7,159
20050111,2300,14000,360,4.3,1200
20130205,309,3200,48,2.6,388
20130416,364,7100,17,3.0,112
20210514,581,2800,596,4.5,930
20110929,519,1400,72,4.5,701
20131023,130,2400,77,3.3,55
20190820,304,2100,71,3.2,180
20160405,632,8900,403,3.6,441
20200403,1300,8400,157,3.2,1600
20150311,780,7900,260,3.9,1400
20190823,186,646,15,2.8,163
20120207,99,1200,22,3.2,106
20110418,2900,29000,471,4.4,1200
20211102,751,4900,216,3.6,1300
20220930,8,26,1,4.2,12
20150623,1200,13000,279,3.7,757
20220901,122,796,71,3.4,372
20150528,509,6100,28,3.7,227
20170124,1800,13000,326,3.9,1300
20220121,216,1200,105,3.5,567
20110607,409,4400,21,3.7,343
20200928,653,14000,2700,2.6,280
20220729,1400,3900,795,4.4,2200
20140520,784,5600,172,3.8,692
20140311,815,6700,128,3.3,834
20190913,530,5700,356,3.2,681
20201112,914,5700,82,4.0,249
20200804,874,16000,654,3.0,271
20100715,246,848,23,3.7,212
20180615,867,25000,470,3.0,126
20011220,364,1300,37,4.0,424
20190528,1800,7700,661,4.6,3100
20120522,210,1100,45,3.7,206
20160331,599,4000,160,3.8,981
20040715,657,2000,200,4.1,916
20180320,354,5300,270,3.3,407
20210120,702,3300,242,4.1,1200
20070531,151,1100,16,4.4,76
20160802,714,5400,59,3.4,548
20180523,341,2300,41,3.6,397
20111018,55,1300,4,2.9,23
20201112,1600,9900,372,3.9,2800
20090609,225,4500,30,3.0,314
20091027,484,13000,1200,2.1,52
20050609,1200,2800,237,4.3,1300
19890602,857,6100,34,3.6,163
20140417,516,4000,644,4.3,779
20170906,507,8700,524,2.9,103
19970320,1900,9100,316,4.4,1700
20210917,737,7500,222,4.3,753
19960309,832,4400,133,4.0,858
20221212,56,195,4,3.5,38
19901001,312,1400,13,4.1,298
20160304,447,2500,91,4.2,503
20140901,124,14000,122,3.5,35
20150825,812,8000,85,3.4,585
20230208,372,1100,593,4.5,1400
20220118,170,2100,235,3.2,33
20220218,830,2700,561,3.8,2300
20110222,155,1300,6,3.1,91
20181213,890,3100,358,4.1,1600
20220427,592,3200,141,4.1,1300
20130813,135,1300,76,3.8,72
20100316,50,1000,14,3.9,54
20230126,38,167,47,4.6,54
20120713,170,492,30,3.9,219
20220708,197,647,119,3.8,782
20000707,1600,6800,350,4.3,1200
20120814,103,1200,89,4.2,70
20131121,1100,9600,93,3.9,432
20090226,84,199,73,4.0,174
20181207,2500,25000,1200,4.1,801
20130917,2100,30000,829,3.8,664
20040301,349,1800,43,3.1,221
20220616,868,2900,519,4.1,2300
20080131,1300,19000,51,3.8,250
20121030,527,3300,321,4.2,1200
20230215,19,59,2,3.0,22
20130812,197,5100,95,3.1,42
20171220,299,5200,46,2.4,32
20141104,492,8200,334,4.0,636
20221122,85,186,13,2.1,149
20190910,647,4200,399,3.7,1000
20090914,837,6600,95,4.2,629
20090115,219,1000,47,3.9,343
20190903,153,727,54,3.4,136
20050915,1300,12000,418,4.1,1000
20121227,544,1700,250,4.4,1300
20130107,474,1200,128,4.1,842
20120424,140,2400,10,3.0,198
20210408,421,1200,25,4.2,631
20211112,1100,4100,1000,3.8,2600
19940402,1600,6100,312,4.4,1300
20150614,395,1800,90,3.2,380
19970322,564,4200,13,3.9,183
20130403,272,5500,83,3.5,163
20170330,379,3000,118,4.1,175
20151127,238,1500,57,4.6,255
20160307,239,2900,40,2.8,78
20200323,515,1900,210,4.6,1400
20191112,487,3800,76,3.6,917
20160512,1800,18000,541,4.0,1400
20170424,1400,8600,61,4.0,1300
19980112,269,2000,8,3.7,100
20130717,178,393,22,3.7,298
20011022,711,7800,88,3.3,373
20001214,716,7200,137,3.9,236
19921023,242,547,25,4.0,434
20230303,284,513,241,3.5,727
20070227,185,2500,20,3.6,35
20161118,648,7900,75,3.3,234
20220324,387,1200,141,3.1,1200
20190322,2300,14000,919,4.4,3400
20010623,842,5100,89,3.6,342
20091027,484,13000,1200,2.1,52
20210910,650,3100,571,3.6,1900
20121106,674,7600,57,3.0,277
20080827,487,9400,94,3.6,227
20150519,2000,17000,1200,4.3,1600
20200319,1900,12000,738,4.2,2400
19950805,1100,7100,141,4.1,360
20081111,788,12000,117,3.5,813
19941118,1300,11000,186,3.9,514
20130523,949,4300,397,4.1,1100
20200430,620,2900,80,3.9,538
20220325,1600,5900,955,4.2,3100
